variable,IV,n_bins,dtype,predictive_power
ratings_num_9m_prior,0.4390790696386428,13,numerical,Strong
ratings_num_12m_prior,0.4310317923746487,11,numerical,Strong
ratings_num_3m_prior,0.4228081494189465,12,numerical,Strong
ratings_num_6m_prior,0.4195023125820071,11,numerical,Strong
user_ratings_total,0.39127765651155255,14,numerical,Strong
ratings_num_1m_prior,0.3858143968757441,12,numerical,Strong
rating_pl,0.3857669059152072,14,numerical,Strong
lang_pl_count,0.3664226533523397,14,numerical,Strong
ratings_avg_9m_prior,0.3388165963477814,12,numerical,Strong
ratings_avg_6m_prior,0.33879601104969137,12,numerical,Strong
rating_foreign,0.32896502720055204,15,numerical,Strong
ratings_avg_1m_prior,0.32404630177519056,10,numerical,Strong
ratings_avg_3m_prior,0.31545077419983514,12,numerical,Strong
polarization,0.30206065127127824,10,numerical,Strong
review_trend,0.2828372874487611,10,numerical,Medium
ratings_avg_12m_prior,0.2801439163957533,8,numerical,Medium
tagcat_amenities,0.2700994330738763,10,numerical,Medium
place_age_days_sq,0.25235730341545687,12,numerical,Medium
place_age_days,0.25235730341545687,12,numerical,Medium
first_review_year_max,0.24463690856156897,10,numerical,Medium
price_level_missing,0.23416104858008863,4,categorical,Medium
rating_mean_foreign,0.21997529936763005,10,numerical,Medium
tagcat_atmosphere,0.20017128165138023,7,numerical,Medium
rating_mean_lang_ratio,0.19496887946881208,11,numerical,Medium
rating_mean_pl,0.15905962135487967,12,numerical,Medium
rating_4,0.1327772697006372,6,numerical,Medium
price_level_2,0.12936649721453847,4,categorical,Medium
rating_3,0.12851850754940058,9,numerical,Medium
tagcat_offerings,0.12163253267332924,7,numerical,Medium
rating_std,0.1174294018888553,13,numerical,Medium
foreign_lang_share,0.1158765343754608,13,numerical,Medium
review_length_std,0.11025016150956547,13,numerical,Medium
review_has_text_pct,0.10262252843503983,11,numerical,Medium
rating_2,0.09733040467253887,8,numerical,Weak
rating_cv,0.09242251273851199,12,numerical,Weak
tagcat_social_inclusivity,0.0859458439083397,5,numerical,Weak
review_length_avg,0.08555698616462272,13,numerical,Weak
rating_avg,0.06503776839516234,11,numerical,Weak
has_photo,0.06346559105034036,4,categorical,Weak
hours_open,0.0607240929199757,9,numerical,Weak
hours_open_workdays,0.058204020574459434,10,numerical,Weak
hours_open_weekends,0.05732834233542575,10,numerical,Weak
weekend_dependency,0.051964123278718355,9,numerical,Weak
residents,0.049643734302478607,10,numerical,Weak
price_level_1,0.04824079170788008,4,categorical,Weak
tagcat_services,0.0470217115918279,6,numerical,Weak
rating_1,0.04436527476015702,8,numerical,Weak
urbanization,0.037040749170497524,7,numerical,Weak
tagcat_payment_options,0.03408886829638802,6,numerical,Weak
workdays_only,0.03355560189056333,3,categorical,Weak
weekends_only,0.03355560189056333,3,categorical,Weak
days_mornings_only,0.03355560189056333,3,numerical,Weak
days_evenings_only,0.03355560189056333,3,numerical,Weak
poi_count_1000m,0.03304386316675719,11,numerical,Weak
poi_count_500m,0.031853926383923294,10,numerical,Weak
poi_ring_500_1000,0.0318435077103251,11,numerical,Weak
restaurants_per_capita,0.031493907460037975,10,numerical,Weak
poi_ring_200_500,0.031368949430276204,11,numerical,Weak
gus_153398,0.028312619259061096,10,numerical,Weak
gus_153354,0.027779607707410378,10,numerical,Weak
poi_count_2000m,0.027668107160255917,10,numerical,Weak
catch_restaurant_count_1000m,0.026633772962808992,11,numerical,Weak
gus_152173_ratio,0.022795461354873224,10,numerical,Weak
poi_ring_1000_2000,0.02268244318986727,10,numerical,Weak
restaurant_count,0.022469672231811302,11,numerical,Weak
catch_restaurant_count_2000m,0.02246123514572472,10,numerical,Weak
catch_rating_avg_1000m,0.022046742446295144,8,numerical,Weak
catch_restaurant_count_500m,0.021667776726345005,9,numerical,Weak
catch_place_age_days_1000m,0.021467074611984563,7,numerical,Weak
bayesian_rating,0.021379695608534317,7,numerical,Weak
catch_rating_avg_2000m,0.02120364469091661,11,numerical,Weak
catch_place_age_days_500m,0.01976165869133643,9,numerical,Not useful
gus_458173,0.019380876161231957,10,numerical,Not useful
catch_ring_500_1000,0.019295404914356006,7,numerical,Not useful
gus_60528,0.019274322092082553,10,numerical,Not useful
gus_60297,0.018620167972567797,7,numerical,Not useful
catch_rating_avg_500m,0.018555999639887168,7,numerical,Not useful
catch_ring_1000_2000,0.018377576529488713,9,numerical,Not useful
poi_count_200m,0.01815499624291872,11,numerical,Not useful
poi_ring_100_200,0.01623490749356165,9,numerical,Not useful
gus_64428,0.016064374562220124,8,numerical,Not useful
affiliated,0.014706068379097175,4,categorical,Not useful
gus_399257,0.014220246647068165,11,numerical,Not useful
gus_1548707_ratio,0.012230845108457445,10,numerical,Not useful
gus_79214,0.011872706541253558,5,numerical,Not useful
cat_Kebab,0.0116713431902106,4,categorical,Not useful
types_count,0.01071124679022421,4,numerical,Not useful
gus_148074,0.010555600643225787,9,numerical,Not useful
catch_place_age_days_2000m,0.010447380783526479,6,numerical,Not useful
poi_count_100m,0.009931412098798043,7,numerical,Not useful
gus_60528_ratio,0.009695822667607903,9,numerical,Not useful
rating_5,0.00843308845388057,8,numerical,Not useful
type_bar,0.007990589252410137,4,categorical,Not useful
cat_Restaurant,0.007395129196936799,4,categorical,Not useful
gus_1548707_net_ratio,0.006579708317476823,7,numerical,Not useful
cat_Pizzeria,0.0013694325429084288,4,categorical,Not useful
type_meal_takeaway,0.0005478273889326071,4,categorical,Not useful
cat_Other,6.606940719533197e-05,4,categorical,Not useful
cat_Sushi,0.0,3,categorical,Not useful
type_meal_delivery,0.0,3,categorical,Not useful
type_cafe,0.0,3,categorical,Not useful
cat_missing,0.0,3,categorical,Not useful
cat_Vietnamese cuisine,0.0,3,categorical,Not useful
cat_Turkish cuisine,0.0,3,categorical,Not useful
cat_Fast food,0.0,3,categorical,Not useful
cat_Restaurant with takeaway meals,0.0,3,categorical,Not useful
cat_Pub,0.0,3,categorical,Not useful
cat_Polish cuisine,0.0,3,categorical,Not useful
cat_Pierogi restaurant,0.0,3,categorical,Not useful
cat_Italian cuisine,0.0,3,categorical,Not useful
cat_Hot dogs,0.0,3,categorical,Not useful
cat_Healthy food,0.0,3,categorical,Not useful
cat_Family restaurant,0.0,3,categorical,Not useful
cat_Burgers,0.0,3,categorical,Not useful
cat_Bistro,0.0,3,categorical,Not useful
cat_Bar and grill,0.0,3,categorical,Not useful
cat_Bar,0.0,3,categorical,Not useful
type_night_club,0.0,3,categorical,Not useful
price_level_4,0.0,3,categorical,Not useful
price_level_3,0.0,3,categorical,Not useful
is_new_restaurant,0.0,3,categorical,Not useful
